{"cameraMode":{"drawMode":0,"name":"Shaded","section":"Shading Mode"},"sceneLighting":true,"audioPlay":false,"sceneViewState":{"m_AlwaysRefresh":false,"showFog":true,"showSkybox":true,"showFlares":true,"showImageEffects":true,"showParticleSystems":true,"showVisualEffectGraphs":true,"m_FxEnabled":true},"in2DMode":false,"pivot":{"x":52.32380676269531,"y":-0.511817455291748,"z":-1.2052406072616578},"rotation":{"x":-0.020704325288534166,"y":-0.6991134285926819,"z":0.020031921565532686,"w":-0.7145272493362427},"size":23.906457901000978,"orthographic":false}